signal_date,trade_date,strategy_id,code,side,shares,sim_price,fee,tax,status,reason,real_price
2022-01-28,2022-02-07,s53_all_a_momentum_smallcap@v1,sh601838,buy,500,14.17,5.0,0.0,filled,s53_all_a_momentum_smallcap@v1:买入601838(股息率3.3%)[总仓≤90%缩放][行业银行Ⅱ≤25%缩放],
2022-01-28,2022-02-07,s53_all_a_momentum_smallcap@v1,sh601088,buy,300,23.12,5.0,0.0,filled,s53_all_a_momentum_smallcap@v1:买入601088(股息率8.0%)[总仓≤90%缩放],
2022-01-28,2022-02-07,s53_all_a_momentum_smallcap@v1,sh601988,buy,2600,3.11,5.0,0.0,filled,s53_all_a_momentum_smallcap@v1:买入601988(股息率6.4%)[总仓≤90%缩放][行业金融行业≤25%缩放],
2022-01-28,2022-02-07,s53_all_a_momentum_smallcap@v1,sh601009,buy,800,9.94,5.0,0.0,filled,s53_all_a_momentum_smallcap@v1:买入601009(股息率4.0%)[总仓≤90%缩放][行业金融行业≤25%缩放],
2022-01-28,2022-02-07,s53_all_a_momentum_smallcap@v1,sh601998,buy,1700,4.7,5.0,0.0,filled,s53_all_a_momentum_smallcap@v1:买入601998(股息率5.5%)[总仓≤90%缩放][行业金融行业≤25%缩放],
2022-01-28,2022-02-07,s53_all_a_momentum_smallcap@v1,sh600919,buy,1200,6.68,5.0,0.0,filled,s53_all_a_momentum_smallcap@v1:买入600919(股息率4.8%)[总仓≤90%缩放][行业银行Ⅱ≤25%缩放],
2022-01-28,2022-02-07,s53_all_a_momentum_smallcap@v1,sh601211,buy,500,17.91,5.0,0.0,filled,s53_all_a_momentum_smallcap@v1:买入601211(股息率3.2%)[总仓≤90%缩放],
2022-01-28,2022-02-07,s53_all_a_momentum_smallcap@v1,sh601668,buy,1700,5.28,5.0,0.0,filled,s53_all_a_momentum_smallcap@v1:买入601668(股息率4.1%)[总仓≤90%缩放],
2022-01-28,2022-02-07,s53_all_a_momentum_smallcap@v1,sh601658,buy,1400,5.71,5.0,0.0,filled,s53_all_a_momentum_smallcap@v1:买入601658(股息率3.7%)[总仓≤90%缩放][行业银行Ⅱ≤25%缩放],
2022-01-28,2022-02-07,s53_all_a_momentum_smallcap@v1,sh601018,buy,2200,4.0,5.0,0.0,filled,s53_all_a_momentum_smallcap@v1:买入601018(股息率2.1%)[总仓≤90%缩放],
2022-02-28,2022-03-01,s53_all_a_momentum_smallcap@v1,sh601211,sell,500,16.71,5.0,4.18,filled,"s53_all_a_momentum_smallcap@v1:601211综合排名掉出前10,卖出",
2022-02-28,2022-03-01,s53_all_a_momentum_smallcap@v1,sh601018,sell,2200,4.18,5.0,4.6,filled,"s53_all_a_momentum_smallcap@v1:601018综合排名掉出前10,卖出",
2022-02-28,2022-03-01,s53_all_a_momentum_smallcap@v1,sh601225,buy,600,14.18,5.0,0.0,filled,s53_all_a_momentum_smallcap@v1:买入601225(股息率5.6%),
2022-02-28,2022-03-01,s53_all_a_momentum_smallcap@v1,sh600039,buy,800,12.3,5.0,0.0,filled,s53_all_a_momentum_smallcap@v1:买入600039(股息率2.0%),
2022-03-31,2022-04-01,s53_all_a_momentum_smallcap@v1,sh601988,sell,2600,3.26,5.0,4.24,filled,"s53_all_a_momentum_smallcap@v1:601988综合排名掉出前10,卖出",
2022-03-31,2022-04-01,s53_all_a_momentum_smallcap@v1,sh601658,sell,1400,5.36,5.0,3.75,filled,"s53_all_a_momentum_smallcap@v1:601658综合排名掉出前10,卖出",
2022-03-31,2022-04-01,s53_all_a_momentum_smallcap@v1,sh600039,sell,800,10.39,5.0,4.16,filled,"s53_all_a_momentum_smallcap@v1:600039综合排名掉出前10,卖出",
2022-03-31,2022-04-01,s53_all_a_momentum_smallcap@v1,sh601390,buy,1400,6.04,5.0,0.0,filled,s53_all_a_momentum_smallcap@v1:买入601390(股息率3.0%)[行业建筑建材≤25%缩放],
2022-03-31,2022-04-01,s53_all_a_momentum_smallcap@v1,sh600018,buy,1800,5.67,5.0,0.0,filled,s53_all_a_momentum_smallcap@v1:买入600018(股息率2.3%),
2022-03-31,2022-04-01,s53_all_a_momentum_smallcap@v1,sh601077,buy,0,0.0,0.0,0.0,cancelled,"s53_all_a_momentum_smallcap@v1:买入601077(股息率5.6%)[行业银行Ⅱ≤25%缩放][<最低单笔5000元,跳过]",
2022-04-29,2022-05-05,s53_all_a_momentum_smallcap@v1,sh601390,sell,1400,7.2,5.0,5.04,filled,"s53_all_a_momentum_smallcap@v1:601390综合排名掉出前10,卖出",
2022-04-29,2022-05-05,s53_all_a_momentum_smallcap@v1,sh601898,buy,800,9.41,5.0,0.0,filled,s53_all_a_momentum_smallcap@v1:买入601898(股息率1.4%)[行业煤炭行业≤25%缩放],
2022-04-29,2022-05-05,s53_all_a_momentum_smallcap@v1,sh601169,buy,2100,4.57,5.0,0.0,filled,s53_all_a_momentum_smallcap@v1:买入601169(股息率6.6%)[行业金融行业≤25%缩放],
2022-05-31,2022-06-01,s53_all_a_momentum_smallcap@v1,sh601668,sell,1700,5.49,5.0,4.67,filled,"s53_all_a_momentum_smallcap@v1:601668综合排名掉出前10,卖出",
2022-05-31,2022-06-01,s53_all_a_momentum_smallcap@v1,sh601998,sell,1700,4.64,5.0,3.94,filled,"s53_all_a_momentum_smallcap@v1:601998综合排名掉出前10,卖出",
2022-05-31,2022-06-01,s53_all_a_momentum_smallcap@v1,sh601169,sell,2100,4.41,5.0,4.63,filled,"s53_all_a_momentum_smallcap@v1:601169综合排名掉出前10,卖出",
2022-05-31,2022-06-01,s53_all_a_momentum_smallcap@v1,sh601390,buy,1600,6.58,5.0,0.0,filled,s53_all_a_momentum_smallcap@v1:买入601390(股息率2.7%),
2022-05-31,2022-06-01,s53_all_a_momentum_smallcap@v1,sh601872,buy,1700,6.01,5.0,0.0,filled,s53_all_a_momentum_smallcap@v1:买入601872(股息率2.0%),
2022-05-31,2022-06-01,s53_all_a_momentum_smallcap@v1,sh601077,buy,2700,3.87,5.0,0.0,filled,s53_all_a_momentum_smallcap@v1:买入601077(股息率5.8%),
2022-06-30,2022-07-01,s53_all_a_momentum_smallcap@v1,sh601872,sell,1700,5.73,5.0,4.87,filled,"s53_all_a_momentum_smallcap@v1:601872综合排名掉出前10,卖出",
2022-06-30,2022-07-01,s53_all_a_momentum_smallcap@v1,sh600018,sell,1800,5.81,5.0,5.23,filled,"s53_all_a_momentum_smallcap@v1:600018综合排名掉出前10,卖出",
2022-06-30,2022-07-01,s53_all_a_momentum_smallcap@v1,sh601898,sell,800,10.23,5.0,4.09,filled,"s53_all_a_momentum_smallcap@v1:601898综合排名掉出前10,卖出",
2022-06-30,2022-07-01,s53_all_a_momentum_smallcap@v1,sh601009,sell,800,10.22,5.0,4.09,filled,"s53_all_a_momentum_smallcap@v1:601009不再满足选股门槛,卖出",
2022-06-30,2022-07-01,s53_all_a_momentum_smallcap@v1,sh601169,buy,2100,4.55,5.0,0.0,filled,s53_all_a_momentum_smallcap@v1:买入601169(股息率6.6%)[行业金融行业≤25%缩放],
2022-06-30,2022-07-01,s53_all_a_momentum_smallcap@v1,sh601668,buy,2000,5.37,5.0,0.0,filled,s53_all_a_momentum_smallcap@v1:买入601668(股息率4.7%),
2022-06-30,2022-07-01,s53_all_a_momentum_smallcap@v1,sh601998,buy,2000,4.76,5.0,0.0,filled,s53_all_a_momentum_smallcap@v1:买入601998(股息率5.3%)[行业金融行业≤25%缩放],
2022-07-08,2022-07-11,s53_all_a_momentum_smallcap@v1,sh601225,sell,600,19.92,5.0,5.98,filled,"s53_all_a_momentum_smallcap@v1:601225当日跌停(触及跌停价, 流动性/弱势风险, 结构性排雷),清仓",
2022-07-11,2022-07-12,s53_all_a_momentum_smallcap@v1,sh601088,sell,300,28.97,5.0,4.35,filled,"s53_all_a_momentum_smallcap@v1:601088当日跌停(触及跌停价, 流动性/弱势风险, 结构性排雷),清仓",
2022-07-29,2022-08-01,s53_all_a_momentum_smallcap@v1,sh601668,sell,2000,5.02,5.0,5.02,filled,"s53_all_a_momentum_smallcap@v1:601668综合排名掉出前10,卖出",
2022-07-29,2022-08-01,s53_all_a_momentum_smallcap@v1,sh601077,sell,2700,3.57,5.0,4.82,filled,"s53_all_a_momentum_smallcap@v1:601077综合排名掉出前10,卖出",
2022-07-29,2022-08-01,s53_all_a_momentum_smallcap@v1,sh601088,buy,300,28.15,5.0,0.0,filled,s53_all_a_momentum_smallcap@v1:买入601088(股息率9.0%)[行业煤炭行业≤25%缩放],
2022-07-29,2022-08-01,s53_all_a_momentum_smallcap@v1,sh601225,buy,400,19.11,5.0,0.0,filled,s53_all_a_momentum_smallcap@v1:买入601225(股息率7.1%)[行业煤炭行业≤25%缩放],
2022-07-29,2022-08-01,s53_all_a_momentum_smallcap@v1,sh600926,buy,0,0.0,0.0,0.0,cancelled,"s53_all_a_momentum_smallcap@v1:买入600926(股息率2.4%)[行业银行Ⅱ≤25%缩放][<最低单笔5000元,跳过]",
2022-07-29,2022-08-01,s53_all_a_momentum_smallcap@v1,sh601009,buy,900,10.33,5.0,0.0,filled,s53_all_a_momentum_smallcap@v1:买入601009(股息率4.5%)[行业金融行业≤25%缩放],
2022-07-29,2022-08-01,s53_all_a_momentum_smallcap@v1,sh600188,buy,200,36.68,5.0,0.0,filled,s53_all_a_momentum_smallcap@v1:买入600188(股息率4.4%)[行业煤炭行业≤25%缩放],
2022-08-31,2022-09-01,s53_all_a_momentum_smallcap@v1,sh600188,sell,200,47.93,5.0,4.79,filled,"s53_all_a_momentum_smallcap@v1:600188综合排名掉出前10,卖出",
2022-08-31,2022-09-01,s53_all_a_momentum_smallcap@v1,sh600926,buy,700,14.34,5.0,0.0,filled,s53_all_a_momentum_smallcap@v1:买入600926(股息率2.4%),
2022-08-31,2022-09-01,s53_all_a_momentum_smallcap@v1,sh601857,buy,2000,5.33,5.0,0.0,filled,s53_all_a_momentum_smallcap@v1:买入601857(股息率4.2%),
2022-09-30,2022-10-10,s53_all_a_momentum_smallcap@v1,sh601390,sell,1600,5.24,5.0,4.19,filled,"s53_all_a_momentum_smallcap@v1:601390综合排名掉出前10,卖出",
2022-09-30,2022-10-10,s53_all_a_momentum_smallcap@v1,sh601668,buy,2100,5.17,5.0,0.0,filled,s53_all_a_momentum_smallcap@v1:买入601668(股息率4.9%),
2022-10-31,2022-11-01,s53_all_a_momentum_smallcap@v1,sh600926,sell,700,12.11,5.0,4.24,filled,"s53_all_a_momentum_smallcap@v1:600926综合排名掉出前10,卖出",
2022-10-31,2022-11-01,s53_all_a_momentum_smallcap@v1,sh600039,buy,900,11.37,5.0,0.0,filled,s53_all_a_momentum_smallcap@v1:买入600039(股息率4.2%),
2022-11-30,2022-12-01,s53_all_a_momentum_smallcap@v1,sh601857,sell,2000,5.26,5.0,5.26,filled,"s53_all_a_momentum_smallcap@v1:601857综合排名掉出前10,卖出",
2022-11-30,2022-12-01,s53_all_a_momentum_smallcap@v1,sh601390,buy,800,5.93,5.0,0.0,filled,s53_all_a_momentum_smallcap@v1:买入601390(股息率3.3%)[行业建筑建材≤25%缩放],
2022-12-30,2023-01-03,s53_all_a_momentum_smallcap@v1,sh601225,sell,400,18.4,5.0,3.68,filled,"s53_all_a_momentum_smallcap@v1:601225综合排名掉出前10,卖出",
2022-12-30,2023-01-03,s53_all_a_momentum_smallcap@v1,sh601857,buy,2100,4.99,5.0,0.0,filled,s53_all_a_momentum_smallcap@v1:买入601857(股息率6.0%),
2023-01-31,2023-02-01,s53_all_a_momentum_smallcap@v1,sh601668,sell,2100,5.54,5.0,5.82,filled,"s53_all_a_momentum_smallcap@v1:601668综合排名掉出前10,卖出",
2023-01-31,2023-02-01,s53_all_a_momentum_smallcap@v1,sh601009,sell,900,10.4,5.0,4.68,filled,"s53_all_a_momentum_smallcap@v1:601009综合排名掉出前10,卖出",
2023-01-31,2023-02-01,s53_all_a_momentum_smallcap@v1,sh600674,buy,800,12.55,5.0,0.0,filled,s53_all_a_momentum_smallcap@v1:买入600674(股息率3.2%),
2023-02-28,2023-03-01,s53_all_a_momentum_smallcap@v1,sh601288,buy,3000,2.93,5.0,0.0,filled,s53_all_a_momentum_smallcap@v1:买入601288(股息率7.1%)[行业金融行业≤25%缩放],
2023-03-31,2023-04-03,s53_all_a_momentum_smallcap@v1,sh601390,sell,800,6.88,5.0,2.75,filled,"s53_all_a_momentum_smallcap@v1:601390综合排名掉出前10,卖出",
2023-03-31,2023-04-03,s53_all_a_momentum_smallcap@v1,sh601288,sell,3000,3.11,5.0,4.67,filled,"s53_all_a_momentum_smallcap@v1:601288综合排名掉出前10,卖出",
2023-03-31,2023-04-03,s53_all_a_momentum_smallcap@v1,sh601857,sell,2100,6.04,5.0,6.34,filled,"s53_all_a_momentum_smallcap@v1:601857综合排名掉出前10,卖出",
2023-03-31,2023-04-03,s53_all_a_momentum_smallcap@v1,sh601088,sell,300,28.26,5.0,4.24,filled,"s53_all_a_momentum_smallcap@v1:601088综合排名掉出前10,卖出",
2023-03-31,2023-04-03,s53_all_a_momentum_smallcap@v1,sh601838,sell,500,13.53,5.0,3.38,filled,"s53_all_a_momentum_smallcap@v1:601838综合排名掉出前10,卖出",
2023-03-31,2023-04-03,s53_all_a_momentum_smallcap@v1,sh601169,sell,2100,4.4,5.0,4.62,filled,"s53_all_a_momentum_smallcap@v1:601169综合排名掉出前10,卖出",
2023-03-31,2023-04-03,s53_all_a_momentum_smallcap@v1,sh601006,buy,1500,7.21,5.0,0.0,filled,s53_all_a_momentum_smallcap@v1:买入601006(股息率6.7%),
2023-03-31,2023-04-03,s53_all_a_momentum_smallcap@v1,sh601319,buy,2100,5.21,5.0,0.0,filled,s53_all_a_momentum_smallcap@v1:买入601319(股息率2.8%),
2023-03-31,2023-04-03,s53_all_a_momentum_smallcap@v1,sh600415,buy,1900,5.79,5.0,0.0,filled,s53_all_a_momentum_smallcap@v1:买入600415(股息率1.3%),
2023-03-31,2023-04-03,s53_all_a_momentum_smallcap@v1,sh601077,buy,3000,3.69,5.0,0.0,filled,s53_all_a_momentum_smallcap@v1:买入601077(股息率6.9%),
2023-03-31,2023-04-03,s53_all_a_momentum_smallcap@v1,sh601668,buy,1800,5.8,5.0,0.0,filled,s53_all_a_momentum_smallcap@v1:买入601668(股息率4.3%)[行业建筑建材≤25%缩放],
2023-03-31,2023-04-03,s53_all_a_momentum_smallcap@v1,sh601766,buy,1800,6.17,5.0,0.0,filled,s53_all_a_momentum_smallcap@v1:买入601766(股息率2.9%),
2023-04-28,2023-05-04,s53_all_a_momentum_smallcap@v1,sh600415,sell,1900,10.08,5.0,9.58,filled,"s53_all_a_momentum_smallcap@v1:600415综合排名掉出前10,卖出",
2023-04-28,2023-05-04,s53_all_a_momentum_smallcap@v1,sh601006,sell,1500,7.7,5.0,5.78,filled,"s53_all_a_momentum_smallcap@v1:601006综合排名掉出前10,卖出",
2023-04-28,2023-05-04,s53_all_a_momentum_smallcap@v1,sh601766,sell,1800,6.98,5.0,6.28,filled,"s53_all_a_momentum_smallcap@v1:601766综合排名掉出前10,卖出",
2023-04-28,2023-05-04,s53_all_a_momentum_smallcap@v1,sh601618,buy,1700,4.5,5.0,0.0,filled,s53_all_a_momentum_smallcap@v1:买入601618(股息率1.7%)[行业建筑建材≤25%缩放],
2023-04-28,2023-05-04,s53_all_a_momentum_smallcap@v1,sh601336,buy,300,38.03,5.0,0.0,filled,s53_all_a_momentum_smallcap@v1:买入601336(股息率3.7%),
2023-04-28,2023-05-04,s53_all_a_momentum_smallcap@v1,sh600011,buy,1400,9.67,5.0,0.0,filled,s53_all_a_momentum_smallcap@v1:买入600011(股息率0.0%),
2023-05-31,2023-06-01,s53_all_a_momentum_smallcap@v1,sh601336,sell,300,36.53,5.0,5.48,filled,"s53_all_a_momentum_smallcap@v1:601336综合排名掉出前10,卖出",
2023-05-31,2023-06-01,s53_all_a_momentum_smallcap@v1,sh601668,sell,1800,5.88,5.0,5.29,filled,"s53_all_a_momentum_smallcap@v1:601668综合排名掉出前10,卖出",
2023-05-31,2023-06-01,s53_all_a_momentum_smallcap@v1,sh601998,sell,2000,6.48,5.0,6.48,filled,"s53_all_a_momentum_smallcap@v1:601998综合排名掉出前10,卖出",
2023-05-31,2023-06-01,s53_all_a_momentum_smallcap@v1,sh601618,sell,1700,4.01,5.0,3.41,filled,"s53_all_a_momentum_smallcap@v1:601618综合排名掉出前10,卖出",
2023-05-31,2023-06-01,s53_all_a_momentum_smallcap@v1,sh601006,buy,1600,7.62,5.0,0.0,filled,s53_all_a_momentum_smallcap@v1:买入601006(股息率6.3%),
2023-05-31,2023-06-01,s53_all_a_momentum_smallcap@v1,sh600023,buy,1300,5.16,5.0,0.0,filled,s53_all_a_momentum_smallcap@v1:买入600023(股息率0.0%)[行业电力行业≤25%缩放],
2023-05-31,2023-06-01,s53_all_a_momentum_smallcap@v1,sh600066,buy,900,12.95,5.0,0.0,filled,s53_all_a_momentum_smallcap@v1:买入600066(股息率7.7%),
2023-05-31,2023-06-01,s53_all_a_momentum_smallcap@v1,sz002422,buy,400,31.05,5.0,0.0,filled,s53_all_a_momentum_smallcap@v1:买入002422(股息率0.0%),
2023-06-15,2023-06-16,s53_all_a_momentum_smallcap@v1,sh600039,sell,1260,9.68,5.0,6.1,filled,"s53_all_a_momentum_smallcap@v1:600039当日跌停(触及跌停价, 流动性/弱势风险, 结构性排雷),清仓",
2023-06-30,2023-07-03,s53_all_a_momentum_smallcap@v1,sh601319,sell,2100,5.83,5.0,6.12,filled,"s53_all_a_momentum_smallcap@v1:601319综合排名掉出前10,卖出",
2023-06-30,2023-07-03,s53_all_a_momentum_smallcap@v1,sh601006,sell,1600,7.42,5.0,5.94,filled,"s53_all_a_momentum_smallcap@v1:601006综合排名掉出前10,卖出",
2023-06-30,2023-07-03,s53_all_a_momentum_smallcap@v1,sz002422,sell,400,29.76,5.0,5.95,filled,"s53_all_a_momentum_smallcap@v1:002422综合排名掉出前10,卖出",
2023-06-30,2023-07-03,s53_all_a_momentum_smallcap@v1,sh600039,buy,1300,9.81,5.0,0.0,filled,s53_all_a_momentum_smallcap@v1:买入600039(股息率9.3%),
2023-06-30,2023-07-03,s53_all_a_momentum_smallcap@v1,sz000333,buy,200,58.97,5.0,0.0,filled,s53_all_a_momentum_smallcap@v1:买入000333(股息率4.2%),
2023-06-30,2023-07-03,s53_all_a_momentum_smallcap@v1,sh601618,buy,3200,3.98,5.0,0.0,filled,s53_all_a_momentum_smallcap@v1:买入601618(股息率2.0%),
2023-06-30,2023-07-03,s53_all_a_momentum_smallcap@v1,sh601169,buy,2700,4.65,5.0,0.0,filled,s53_all_a_momentum_smallcap@v1:买入601169(股息率6.6%),
2023-07-31,2023-08-01,s53_all_a_momentum_smallcap@v1,sh600066,sell,900,13.98,5.0,6.29,filled,"s53_all_a_momentum_smallcap@v1:600066综合排名掉出前10,卖出",
2023-07-31,2023-08-01,s53_all_a_momentum_smallcap@v1,sh600011,sell,1400,8.59,5.0,6.01,filled,"s53_all_a_momentum_smallcap@v1:600011综合排名掉出前10,卖出",
2023-07-31,2023-08-01,s53_all_a_momentum_smallcap@v1,sh601998,buy,1700,6.0,5.0,0.0,filled,s53_all_a_momentum_smallcap@v1:买入601998(股息率5.5%)[行业金融行业≤25%缩放],
2023-07-31,2023-08-01,s53_all_a_momentum_smallcap@v1,sh601288,buy,2800,3.62,5.0,0.0,filled,s53_all_a_momentum_smallcap@v1:买入601288(股息率6.1%)[行业金融行业≤25%缩放],
2023-08-31,2023-09-01,s53_all_a_momentum_smallcap@v1,sh600023,sell,1300,4.39,5.0,2.85,filled,"s53_all_a_momentum_smallcap@v1:600023综合排名掉出前10,卖出",
2023-08-31,2023-09-01,s53_all_a_momentum_smallcap@v1,sh601998,sell,1700,5.46,5.0,4.64,filled,"s53_all_a_momentum_smallcap@v1:601998综合排名掉出前10,卖出",
2023-08-31,2023-09-01,s53_all_a_momentum_smallcap@v1,sh601618,sell,3200,3.64,5.0,5.82,filled,"s53_all_a_momentum_smallcap@v1:601618综合排名掉出前10,卖出",
2023-08-31,2023-09-01,s53_all_a_momentum_smallcap@v1,sh601825,buy,1900,5.83,5.0,0.0,filled,s53_all_a_momentum_smallcap@v1:买入601825(股息率5.9%)[行业银行Ⅱ≤25%缩放],
2023-08-31,2023-09-01,s53_all_a_momentum_smallcap@v1,sh600066,buy,900,12.44,5.0,0.0,filled,s53_all_a_momentum_smallcap@v1:买入600066(股息率8.0%),
2023-08-31,2023-09-01,s53_all_a_momentum_smallcap@v1,sh600015,buy,0,0.0,0.0,0.0,cancelled,"s53_all_a_momentum_smallcap@v1:买入600015(股息率6.9%)[行业金融行业≤25%缩放][<最低单笔5000元,跳过]",
2023-09-04,2023-09-05,s53_all_a_momentum_smallcap@v1,sh600039,sell,1300,7.33,5.0,4.76,filled,"s53_all_a_momentum_smallcap@v1:600039当日跌停(触及跌停价, 流动性/弱势风险, 结构性排雷),清仓",
2023-09-28,2023-10-09,s53_all_a_momentum_smallcap@v1,sh600015,buy,1500,5.7,5.0,0.0,filled,s53_all_a_momentum_smallcap@v1:买入600015(股息率6.7%)[行业金融行业≤25%缩放],
2023-09-28,2023-10-09,s53_all_a_momentum_smallcap@v1,sz000651,buy,300,36.25,5.0,0.0,filled,s53_all_a_momentum_smallcap@v1:买入000651(股息率5.5%),
2023-10-31,2023-11-01,s53_all_a_momentum_smallcap@v1,sz000651,sell,300,33.8,5.0,5.07,filled,"s53_all_a_momentum_smallcap@v1:000651综合排名掉出前10,卖出",
2023-10-31,2023-11-01,s53_all_a_momentum_smallcap@v1,sh601985,buy,1600,7.43,5.0,0.0,filled,s53_all_a_momentum_smallcap@v1:买入601985(股息率2.3%),
2024-01-31,2024-02-01,s53_all_a_momentum_smallcap@v1,sh601288,sell,2800,3.88,5.0,5.43,filled,"s53_all_a_momentum_smallcap@v1:601288综合排名掉出前10,卖出",
2024-01-31,2024-02-01,s53_all_a_momentum_smallcap@v1,sh600066,sell,900,14.78,5.0,6.65,filled,"s53_all_a_momentum_smallcap@v1:600066综合排名掉出前10,卖出",
2024-01-31,2024-02-01,s53_all_a_momentum_smallcap@v1,sh601985,sell,1600,8.23,5.0,6.58,filled,"s53_all_a_momentum_smallcap@v1:601985综合排名掉出前10,卖出",
2024-01-31,2024-02-01,s53_all_a_momentum_smallcap@v1,sz000651,buy,300,35.23,5.0,0.0,filled,s53_all_a_momentum_smallcap@v1:买入000651(股息率5.7%),
2024-01-31,2024-02-01,s53_all_a_momentum_smallcap@v1,sh601727,buy,3200,3.98,5.0,0.0,filled,s53_all_a_momentum_smallcap@v1:买入601727(股息率0.0%),
2024-02-29,2024-03-01,s53_all_a_momentum_smallcap@v1,sh600674,sell,800,15.74,5.0,6.3,filled,"s53_all_a_momentum_smallcap@v1:600674综合排名掉出前10,卖出",
2024-02-29,2024-03-01,s53_all_a_momentum_smallcap@v1,sh601169,sell,2700,5.18,5.0,6.99,filled,"s53_all_a_momentum_smallcap@v1:601169综合排名掉出前10,卖出",
2024-02-29,2024-03-01,s53_all_a_momentum_smallcap@v1,sh601998,buy,800,6.41,5.0,0.0,filled,s53_all_a_momentum_smallcap@v1:买入601998(股息率5.1%)[行业金融行业≤25%缩放],
2024-02-29,2024-03-01,s53_all_a_momentum_smallcap@v1,sh601288,buy,1300,4.19,5.0,0.0,filled,s53_all_a_momentum_smallcap@v1:买入601288(股息率5.3%)[行业金融行业≤25%缩放],
2024-02-29,2024-03-01,s53_all_a_momentum_smallcap@v1,sh601985,buy,1500,8.66,5.0,0.0,filled,s53_all_a_momentum_smallcap@v1:买入601985(股息率2.0%),
2024-03-29,2024-04-01,s53_all_a_momentum_smallcap@v1,sh601288,sell,1300,4.22,5.0,2.74,filled,"s53_all_a_momentum_smallcap@v1:601288综合排名掉出前10,卖出",
2024-03-29,2024-04-01,s53_all_a_momentum_smallcap@v1,sh600919,sell,1200,7.9,5.0,4.74,filled,"s53_all_a_momentum_smallcap@v1:600919综合排名掉出前10,卖出",
2024-03-29,2024-04-01,s53_all_a_momentum_smallcap@v1,sh601727,sell,3200,4.22,5.0,6.75,filled,"s53_all_a_momentum_smallcap@v1:601727综合排名掉出前10,卖出",
2024-03-29,2024-04-01,s53_all_a_momentum_smallcap@v1,sh601169,buy,2400,5.7,5.0,0.0,filled,s53_all_a_momentum_smallcap@v1:买入601169(股息率5.5%),
2024-03-29,2024-04-01,s53_all_a_momentum_smallcap@v1,sh600674,buy,800,16.72,5.0,0.0,filled,s53_all_a_momentum_smallcap@v1:买入600674(股息率2.4%),
2024-04-30,2024-05-06,s53_all_a_momentum_smallcap@v1,sh600674,sell,800,16.76,5.0,6.7,filled,"s53_all_a_momentum_smallcap@v1:600674综合排名掉出前10,卖出",
2024-04-30,2024-05-06,s53_all_a_momentum_smallcap@v1,sh600015,sell,1500,6.76,5.0,5.07,filled,"s53_all_a_momentum_smallcap@v1:600015综合排名掉出前10,卖出",
2024-04-30,2024-05-06,s53_all_a_momentum_smallcap@v1,sh601077,sell,3000,4.64,5.0,6.96,filled,"s53_all_a_momentum_smallcap@v1:601077综合排名掉出前10,卖出",
2024-04-30,2024-05-06,s53_all_a_momentum_smallcap@v1,sh601998,sell,800,6.89,5.0,2.76,filled,"s53_all_a_momentum_smallcap@v1:601998综合排名掉出前10,卖出",
2024-04-30,2024-05-06,s53_all_a_momentum_smallcap@v1,sh601825,sell,1900,6.83,5.0,6.49,filled,"s53_all_a_momentum_smallcap@v1:601825综合排名掉出前10,卖出",
2024-04-30,2024-05-06,s53_all_a_momentum_smallcap@v1,sh601985,sell,1500,9.23,5.0,6.92,filled,"s53_all_a_momentum_smallcap@v1:601985综合排名掉出前10,卖出",
2024-04-30,2024-05-06,s53_all_a_momentum_smallcap@v1,sh600926,buy,0,0.0,0.0,0.0,cancelled,"s53_all_a_momentum_smallcap@v1:买入600926(股息率3.1%)[行业银行Ⅱ≤25%缩放][<最低单笔5000元,跳过]",
2024-04-30,2024-05-06,s53_all_a_momentum_smallcap@v1,sh601229,buy,0,0.0,0.0,0.0,cancelled,"s53_all_a_momentum_smallcap@v1:买入601229(股息率5.5%)[行业银行Ⅱ≤25%缩放][<最低单笔5000元,跳过]",
2024-04-30,2024-05-06,s53_all_a_momentum_smallcap@v1,sh600219,buy,3900,3.59,5.0,0.0,filled,s53_all_a_momentum_smallcap@v1:买入600219(股息率4.5%),
2024-04-30,2024-05-06,s53_all_a_momentum_smallcap@v1,sh600887,buy,400,28.86,5.0,0.0,filled,s53_all_a_momentum_smallcap@v1:买入600887(股息率3.6%),
2024-04-30,2024-05-06,s53_all_a_momentum_smallcap@v1,sh600690,buy,400,30.81,5.0,0.0,filled,s53_all_a_momentum_smallcap@v1:买入600690(股息率1.9%),
2024-04-30,2024-05-06,s53_all_a_momentum_smallcap@v1,sh601838,buy,0,0.0,0.0,0.0,cancelled,"s53_all_a_momentum_smallcap@v1:买入601838(股息率5.2%)[行业银行Ⅱ≤25%缩放][<最低单笔5000元,跳过]",
2024-04-30,2024-05-06,s53_all_a_momentum_smallcap@v1,sh601058,buy,800,16.58,5.0,0.0,filled,s53_all_a_momentum_smallcap@v1:买入601058(股息率0.9%),
2024-05-31,2024-06-03,s53_all_a_momentum_smallcap@v1,sz000651,sell,300,40.67,5.0,6.1,filled,"s53_all_a_momentum_smallcap@v1:000651综合排名掉出前10,卖出",
2024-05-31,2024-06-03,s53_all_a_momentum_smallcap@v1,sh600926,buy,800,13.64,5.0,0.0,filled,s53_all_a_momentum_smallcap@v1:买入600926(股息率2.9%)[行业银行Ⅱ≤25%缩放],
2024-05-31,2024-06-03,s53_all_a_momentum_smallcap@v1,sh601229,buy,1500,7.82,5.0,0.0,filled,s53_all_a_momentum_smallcap@v1:买入601229(股息率5.1%)[行业银行Ⅱ≤25%缩放],
2024-05-31,2024-06-03,s53_all_a_momentum_smallcap@v1,sh600919,buy,1400,8.15,5.0,0.0,filled,s53_all_a_momentum_smallcap@v1:买入600919(股息率5.9%)[行业银行Ⅱ≤25%缩放],
2024-05-31,2024-06-03,s53_all_a_momentum_smallcap@v1,sh600795,buy,2500,5.38,5.0,0.0,filled,s53_all_a_momentum_smallcap@v1:买入600795(股息率2.8%),
2024-06-28,2024-07-01,s53_all_a_momentum_smallcap@v1,sh600795,sell,2500,5.95,5.0,7.44,filled,"s53_all_a_momentum_smallcap@v1:600795综合排名掉出前10,卖出",
2024-06-28,2024-07-01,s53_all_a_momentum_smallcap@v1,sh600919,sell,1400,7.42,5.0,5.19,filled,"s53_all_a_momentum_smallcap@v1:600919综合排名掉出前10,卖出",
2024-06-28,2024-07-01,s53_all_a_momentum_smallcap@v1,sh601838,buy,0,0.0,0.0,0.0,cancelled,"s53_all_a_momentum_smallcap@v1:买入601838(股息率5.1%)[行业银行Ⅱ≤25%缩放][<最低单笔5000元,跳过]",
2024-06-28,2024-07-01,s53_all_a_momentum_smallcap@v1,sz000651,buy,300,39.08,5.0,0.0,filled,s53_all_a_momentum_smallcap@v1:买入000651(股息率2.5%),
2024-07-23,2024-07-24,s53_all_a_momentum_smallcap@v1,sh601058,sell,800,12.31,5.0,4.92,filled,止损(浮亏-25.8%>25%),
2024-07-31,2024-08-01,s53_all_a_momentum_smallcap@v1,sh600690,sell,400,27.14,5.0,5.43,filled,"s53_all_a_momentum_smallcap@v1:600690综合排名掉出前10,卖出",
2024-07-31,2024-08-01,s53_all_a_momentum_smallcap@v1,sh600887,sell,400,24.96,5.0,4.99,filled,"s53_all_a_momentum_smallcap@v1:600887综合排名掉出前10,卖出",
2024-07-31,2024-08-01,s53_all_a_momentum_smallcap@v1,sh601229,sell,1500,7.28,5.0,5.46,filled,"s53_all_a_momentum_smallcap@v1:601229综合排名掉出前10,卖出",
2024-07-31,2024-08-01,s53_all_a_momentum_smallcap@v1,sh601077,buy,1200,5.2,5.0,0.0,filled,s53_all_a_momentum_smallcap@v1:买入601077(股息率5.6%)[行业银行Ⅱ≤25%缩放],
2024-07-31,2024-08-01,s53_all_a_momentum_smallcap@v1,sh601838,buy,400,14.55,5.0,0.0,filled,s53_all_a_momentum_smallcap@v1:买入601838(股息率6.1%)[行业银行Ⅱ≤25%缩放],
2024-07-31,2024-08-01,s53_all_a_momentum_smallcap@v1,sh601009,buy,1000,10.2,5.0,0.0,filled,s53_all_a_momentum_smallcap@v1:买入601009(股息率5.3%)[行业金融行业≤25%缩放],
2024-07-31,2024-08-01,s53_all_a_momentum_smallcap@v1,sh601601,buy,300,29.57,5.0,0.0,filled,s53_all_a_momentum_smallcap@v1:买入601601(股息率3.5%)[行业金融行业≤25%缩放],
2024-07-31,2024-08-01,s53_all_a_momentum_smallcap@v1,sh600795,buy,2400,5.52,5.0,0.0,filled,s53_all_a_momentum_smallcap@v1:买入600795(股息率2.2%),
2024-08-30,2024-09-02,s53_all_a_momentum_smallcap@v1,sh601838,sell,400,13.88,5.0,2.78,filled,"s53_all_a_momentum_smallcap@v1:601838综合排名掉出前10,卖出",
2024-08-30,2024-09-02,s53_all_a_momentum_smallcap@v1,sh600919,buy,1600,7.77,5.0,0.0,filled,s53_all_a_momentum_smallcap@v1:买入600919(股息率6.0%)[行业银行Ⅱ≤25%缩放],
2024-09-30,2024-10-08,s53_all_a_momentum_smallcap@v1,sh600795,sell,2400,5.99,5.0,7.19,filled,"s53_all_a_momentum_smallcap@v1:600795综合排名掉出前10,卖出",
2024-09-30,2024-10-08,s53_all_a_momentum_smallcap@v1,sh600919,sell,1600,9.09,5.0,7.27,filled,"s53_all_a_momentum_smallcap@v1:600919综合排名掉出前10,卖出",
2024-09-30,2024-10-08,s53_all_a_momentum_smallcap@v1,sh601169,sell,2400,6.24,5.0,7.49,filled,"s53_all_a_momentum_smallcap@v1:601169综合排名掉出前10,卖出",
2024-09-30,2024-10-08,s53_all_a_momentum_smallcap@v1,sh601009,sell,1000,11.91,5.0,5.96,filled,"s53_all_a_momentum_smallcap@v1:601009综合排名掉出前10,卖出",
2024-09-30,2024-10-08,s53_all_a_momentum_smallcap@v1,sh601319,buy,0,0.0,0.0,0.0,cancelled,"s53_all_a_momentum_smallcap@v1:买入601319(股息率2.1%)[一字涨停,无法买入]",
2024-09-30,2024-10-08,s53_all_a_momentum_smallcap@v1,sh601318,buy,0,0.0,0.0,0.0,cancelled,"s53_all_a_momentum_smallcap@v1:买入601318(股息率4.3%)[行业金融行业≤25%缩放][一字涨停,无法买入]",
2024-09-30,2024-10-08,s53_all_a_momentum_smallcap@v1,sh601229,buy,800,8.61,5.0,0.0,filled,s53_all_a_momentum_smallcap@v1:买入601229(股息率5.8%)[行业银行Ⅱ≤25%缩放],
2024-09-30,2024-10-08,s53_all_a_momentum_smallcap@v1,sh600690,buy,0,0.0,0.0,0.0,cancelled,"s53_all_a_momentum_smallcap@v1:买入600690(股息率2.5%)[一字涨停,无法买入]",
2024-10-09,2024-10-10,s53_all_a_momentum_smallcap@v1,sh601601,sell,300,36.62,5.0,5.49,filled,"s53_all_a_momentum_smallcap@v1:601601当日跌停(触及跌停价, 流动性/弱势风险, 结构性排雷),清仓",
2024-10-31,2024-11-01,s53_all_a_momentum_smallcap@v1,sh601077,sell,1200,5.58,5.0,3.35,filled,"s53_all_a_momentum_smallcap@v1:601077综合排名掉出前10,卖出",
2024-10-31,2024-11-01,s53_all_a_momentum_smallcap@v1,sz000333,sell,200,71.33,5.0,7.13,filled,"s53_all_a_momentum_smallcap@v1:000333综合排名掉出前10,卖出",
2024-10-31,2024-11-01,s53_all_a_momentum_smallcap@v1,sz000651,sell,300,43.43,5.0,6.51,filled,"s53_all_a_momentum_smallcap@v1:000651综合排名掉出前10,卖出",
2024-10-31,2024-11-01,s53_all_a_momentum_smallcap@v1,sh600919,buy,1600,8.85,5.0,0.0,filled,s53_all_a_momentum_smallcap@v1:买入600919(股息率5.3%)[行业银行Ⅱ≤25%缩放],
2024-10-31,2024-11-01,s53_all_a_momentum_smallcap@v1,sh601318,buy,200,56.23,5.0,0.0,filled,s53_all_a_momentum_smallcap@v1:买入601318(股息率4.3%)[行业金融行业≤25%缩放],
2024-10-31,2024-11-01,s53_all_a_momentum_smallcap@v1,sh601601,buy,300,36.86,5.0,0.0,filled,s53_all_a_momentum_smallcap@v1:买入601601(股息率2.8%)[行业金融行业≤25%缩放],
2024-10-31,2024-11-01,s53_all_a_momentum_smallcap@v1,sz002532,buy,600,8.27,5.0,0.0,filled,s53_all_a_momentum_smallcap@v1:买入002532(股息率0.0%)[行业C 制造业≤25%缩放],
2024-10-31,2024-11-01,s53_all_a_momentum_smallcap@v1,sz002001,buy,200,22.66,5.0,0.0,filled,s53_all_a_momentum_smallcap@v1:买入002001(股息率0.0%)[行业C 制造业≤25%缩放],
2024-10-31,2024-11-01,s53_all_a_momentum_smallcap@v1,sh601288,buy,2600,4.73,5.0,0.0,filled,s53_all_a_momentum_smallcap@v1:买入601288(股息率4.9%)[行业金融行业≤25%缩放],
2024-10-31,2024-11-01,s53_all_a_momentum_smallcap@v1,sh601766,buy,1800,8.34,5.0,0.0,filled,s53_all_a_momentum_smallcap@v1:买入601766(股息率2.4%),
2024-11-29,2024-12-02,s53_all_a_momentum_smallcap@v1,sh601318,sell,200,53.12,5.0,5.31,filled,"s53_all_a_momentum_smallcap@v1:601318综合排名掉出前10,卖出",
2024-11-29,2024-12-02,s53_all_a_momentum_smallcap@v1,sh601766,sell,1800,8.13,5.0,7.32,filled,"s53_all_a_momentum_smallcap@v1:601766综合排名掉出前10,卖出",
2024-11-29,2024-12-02,s53_all_a_momentum_smallcap@v1,sh601601,sell,300,33.86,5.0,5.08,filled,"s53_all_a_momentum_smallcap@v1:601601综合排名掉出前10,卖出",
2024-11-29,2024-12-02,s53_all_a_momentum_smallcap@v1,sz002532,sell,600,8.08,5.0,2.42,filled,"s53_all_a_momentum_smallcap@v1:002532综合排名掉出前10,卖出",
2024-11-29,2024-12-02,s53_all_a_momentum_smallcap@v1,sh601009,buy,0,0.0,0.0,0.0,cancelled,"s53_all_a_momentum_smallcap@v1:买入601009(股息率8.4%)[行业金融行业≤25%缩放][<最低单笔5000元,跳过]",
2024-11-29,2024-12-02,s53_all_a_momentum_smallcap@v1,sh601319,buy,2000,7.26,5.0,0.0,filled,s53_all_a_momentum_smallcap@v1:买入601319(股息率2.2%),
2024-11-29,2024-12-02,s53_all_a_momentum_smallcap@v1,sh600015,buy,0,0.0,0.0,0.0,cancelled,"s53_all_a_momentum_smallcap@v1:买入600015(股息率5.1%)[行业金融行业≤25%缩放][<最低单笔5000元,跳过]",
2024-11-29,2024-12-02,s53_all_a_momentum_smallcap@v1,sz000333,buy,200,70.26,5.0,0.0,filled,s53_all_a_momentum_smallcap@v1:买入000333(股息率4.3%),
2024-12-31,2025-01-02,s53_all_a_momentum_smallcap@v1,sh600919,sell,1600,9.84,5.0,7.87,filled,"s53_all_a_momentum_smallcap@v1:600919综合排名掉出前10,卖出",
2024-12-31,2025-01-02,s53_all_a_momentum_smallcap@v1,sz002001,sell,200,21.94,5.0,2.19,filled,"s53_all_a_momentum_smallcap@v1:002001综合排名掉出前10,卖出",
2024-12-31,2025-01-02,s53_all_a_momentum_smallcap@v1,sh600219,sell,3900,3.9,5.0,7.61,filled,"s53_all_a_momentum_smallcap@v1:600219综合排名掉出前10,卖出",
2024-12-31,2025-01-02,s53_all_a_momentum_smallcap@v1,sh601077,buy,0,0.0,0.0,0.0,cancelled,"s53_all_a_momentum_smallcap@v1:买入601077(股息率4.8%)[行业银行Ⅱ≤25%缩放][<最低单笔5000元,跳过]",
2024-12-31,2025-01-02,s53_all_a_momentum_smallcap@v1,sh600015,buy,1500,8.05,5.0,0.0,filled,s53_all_a_momentum_smallcap@v1:买入600015(股息率4.8%)[行业金融行业≤25%缩放],
2024-12-31,2025-01-02,s53_all_a_momentum_smallcap@v1,sh600066,buy,500,26.34,5.0,0.0,filled,s53_all_a_momentum_smallcap@v1:买入600066(股息率7.6%),
2024-12-31,2025-01-02,s53_all_a_momentum_smallcap@v1,sh601009,buy,1100,10.7,5.0,0.0,filled,s53_all_a_momentum_smallcap@v1:买入601009(股息率8.3%)[行业金融行业≤25%缩放],
2024-12-31,2025-01-02,s53_all_a_momentum_smallcap@v1,sz000651,buy,300,46.55,5.0,0.0,filled,s53_all_a_momentum_smallcap@v1:买入000651(股息率5.2%),
2025-01-27,2025-02-05,s53_all_a_momentum_smallcap@v1,sz000333,sell,200,73.29,5.0,7.33,filled,"s53_all_a_momentum_smallcap@v1:000333综合排名掉出前10,卖出",
2025-01-27,2025-02-05,s53_all_a_momentum_smallcap@v1,sz000651,sell,300,44.47,5.0,6.67,filled,"s53_all_a_momentum_smallcap@v1:000651综合排名掉出前10,卖出",
2025-01-27,2025-02-05,s53_all_a_momentum_smallcap@v1,sh601077,buy,2400,6.05,5.0,0.0,filled,s53_all_a_momentum_smallcap@v1:买入601077(股息率8.0%),
2025-01-27,2025-02-05,s53_all_a_momentum_smallcap@v1,sz002532,buy,1100,9.15,5.0,0.0,filled,s53_all_a_momentum_smallcap@v1:买入002532(股息率0.0%)[行业C 制造业≤25%缩放],
2025-01-27,2025-02-05,s53_all_a_momentum_smallcap@v1,sh600219,buy,3600,4.09,5.0,0.0,filled,s53_all_a_momentum_smallcap@v1:买入600219(股息率4.9%),
2025-02-28,2025-03-03,s53_all_a_momentum_smallcap@v1,sh601319,sell,2000,6.67,5.0,6.67,filled,"s53_all_a_momentum_smallcap@v1:601319综合排名掉出前10,卖出",
2025-02-28,2025-03-03,s53_all_a_momentum_smallcap@v1,sh600219,sell,3600,3.72,5.0,6.7,filled,"s53_all_a_momentum_smallcap@v1:600219综合排名掉出前10,卖出",
2025-02-28,2025-03-03,s53_all_a_momentum_smallcap@v1,sz000333,buy,100,72.81,5.0,0.0,filled,s53_all_a_momentum_smallcap@v1:买入000333(股息率4.1%)[行业C 制造业≤25%缩放],
2025-02-28,2025-03-03,s53_all_a_momentum_smallcap@v1,sz002001,buy,600,21.24,5.0,0.0,filled,s53_all_a_momentum_smallcap@v1:买入002001(股息率0.0%)[行业C 制造业≤25%缩放],
2025-03-31,2025-04-01,s53_all_a_momentum_smallcap@v1,sh601288,sell,2600,5.16,5.0,6.71,filled,"s53_all_a_momentum_smallcap@v1:601288综合排名掉出前10,卖出",
2025-03-31,2025-04-01,s53_all_a_momentum_smallcap@v1,sh600066,sell,500,26.34,5.0,6.59,filled,"s53_all_a_momentum_smallcap@v1:600066综合排名掉出前10,卖出",
2025-03-31,2025-04-01,s53_all_a_momentum_smallcap@v1,sz002001,sell,600,22.36,5.0,6.71,filled,"s53_all_a_momentum_smallcap@v1:002001综合排名掉出前10,卖出",
2025-03-31,2025-04-01,s53_all_a_momentum_smallcap@v1,sh600015,sell,1500,7.79,5.0,5.84,filled,"s53_all_a_momentum_smallcap@v1:600015综合排名掉出前10,卖出",
2025-03-31,2025-04-01,s53_all_a_momentum_smallcap@v1,sz002532,sell,1100,8.89,5.0,4.89,filled,"s53_all_a_momentum_smallcap@v1:002532综合排名掉出前10,卖出",
2025-03-31,2025-04-01,s53_all_a_momentum_smallcap@v1,sz002648,buy,0,0.0,0.0,0.0,cancelled,"s53_all_a_momentum_smallcap@v1:买入002648(股息率0.0%)[行业C 制造业≤25%缩放][<最低单笔5000元,跳过]",
2025-03-31,2025-04-01,s53_all_a_momentum_smallcap@v1,sh601899,buy,800,18.23,5.0,0.0,filled,s53_all_a_momentum_smallcap@v1:买入601899(股息率1.7%),
2025-03-31,2025-04-01,s53_all_a_momentum_smallcap@v1,sh600219,buy,3900,3.82,5.0,0.0,filled,s53_all_a_momentum_smallcap@v1:买入600219(股息率5.2%),
2025-03-31,2025-04-01,s53_all_a_momentum_smallcap@v1,sz000651,buy,0,0.0,0.0,0.0,cancelled,"s53_all_a_momentum_smallcap@v1:买入000651(股息率5.2%)[行业C 制造业≤25%缩放][<最低单笔5000元,跳过]",
2025-03-31,2025-04-01,s53_all_a_momentum_smallcap@v1,sh601328,buy,0,0.0,0.0,0.0,cancelled,"s53_all_a_momentum_smallcap@v1:买入601328(股息率7.5%)[行业金融行业≤25%缩放][<最低单笔5000元,跳过]",
2025-04-07,2025-04-08,s53_all_a_momentum_smallcap@v1,sz000333,sell,100,67.9,5.0,3.4,filled,"s53_all_a_momentum_smallcap@v1:000333当日跌停(触及跌停价, 流动性/弱势风险, 结构性排雷),清仓",
2025-04-07,2025-04-08,s53_all_a_momentum_smallcap@v1,sh601899,sell,800,15.52,5.0,6.21,filled,"s53_all_a_momentum_smallcap@v1:601899当日跌停(触及跌停价, 流动性/弱势风险, 结构性排雷),清仓",
2025-04-07,2025-04-08,s53_all_a_momentum_smallcap@v1,sh600219,sell,3900,3.34,5.0,6.51,filled,"s53_all_a_momentum_smallcap@v1:600219当日跌停(触及跌停价, 流动性/弱势风险, 结构性排雷),清仓",
2025-04-30,2025-05-06,s53_all_a_momentum_smallcap@v1,sh601229,sell,800,10.37,5.0,4.15,filled,"s53_all_a_momentum_smallcap@v1:601229综合排名掉出前10,卖出",
2025-04-30,2025-05-06,s53_all_a_momentum_smallcap@v1,sh600919,buy,0,0.0,0.0,0.0,cancelled,"s53_all_a_momentum_smallcap@v1:买入600919(股息率7.6%)[行业银行Ⅱ≤25%缩放][<最低单笔5000元,跳过]",
2025-04-30,2025-05-06,s53_all_a_momentum_smallcap@v1,sz002001,buy,500,22.23,5.0,0.0,filled,s53_all_a_momentum_smallcap@v1:买入002001(股息率0.0%)[行业C 制造业≤25%缩放],
2025-04-30,2025-05-06,s53_all_a_momentum_smallcap@v1,sh601328,buy,1900,7.5,5.0,0.0,filled,s53_all_a_momentum_smallcap@v1:买入601328(股息率10.1%),
2025-04-30,2025-05-06,s53_all_a_momentum_smallcap@v1,sz000333,buy,100,74.34,5.0,0.0,filled,s53_all_a_momentum_smallcap@v1:买入000333(股息率4.1%)[行业C 制造业≤25%缩放],
2025-04-30,2025-05-06,s53_all_a_momentum_smallcap@v1,sh601319,buy,2000,7.18,5.0,0.0,filled,s53_all_a_momentum_smallcap@v1:买入601319(股息率3.1%),
2025-04-30,2025-05-06,s53_all_a_momentum_smallcap@v1,sz000651,buy,200,45.96,5.0,0.0,filled,s53_all_a_momentum_smallcap@v1:买入000651(股息率5.2%)[行业C 制造业≤25%缩放],
2025-04-30,2025-05-06,s53_all_a_momentum_smallcap@v1,sh600660,buy,200,57.88,5.0,0.0,filled,s53_all_a_momentum_smallcap@v1:买入600660(股息率2.2%),
2025-05-30,2025-06-03,s53_all_a_momentum_smallcap@v1,sh601328,sell,1900,7.57,5.0,7.19,filled,"s53_all_a_momentum_smallcap@v1:601328综合排名掉出前10,卖出",
2025-05-30,2025-06-03,s53_all_a_momentum_smallcap@v1,sh600660,sell,200,57.88,5.0,5.79,filled,"s53_all_a_momentum_smallcap@v1:600660综合排名掉出前10,卖出",
2025-05-30,2025-06-03,s53_all_a_momentum_smallcap@v1,sh600919,buy,700,11.0,5.0,0.0,filled,s53_all_a_momentum_smallcap@v1:买入600919(股息率7.1%)[行业银行Ⅱ≤25%缩放],
2025-05-30,2025-06-03,s53_all_a_momentum_smallcap@v1,sz000776,buy,900,16.22,5.0,0.0,filled,s53_all_a_momentum_smallcap@v1:买入000776(股息率0.0%),
2025-05-30,2025-06-03,s53_all_a_momentum_smallcap@v1,sh603259,buy,200,63.93,5.0,0.0,filled,s53_all_a_momentum_smallcap@v1:买入603259(股息率3.1%),
2025-06-30,2025-07-01,s53_all_a_momentum_smallcap@v1,sz002001,sell,500,21.24,5.0,5.31,filled,"s53_all_a_momentum_smallcap@v1:002001综合排名掉出前10,卖出",
2025-06-30,2025-07-01,s53_all_a_momentum_smallcap@v1,sh601319,sell,2000,8.7,5.0,8.7,filled,"s53_all_a_momentum_smallcap@v1:601319综合排名掉出前10,卖出",
2025-06-30,2025-07-01,s53_all_a_momentum_smallcap@v1,sz000333,sell,100,72.17,5.0,3.61,filled,"s53_all_a_momentum_smallcap@v1:000333综合排名掉出前10,卖出",
2025-06-30,2025-07-01,s53_all_a_momentum_smallcap@v1,sz000651,sell,200,44.98,5.0,4.5,filled,"s53_all_a_momentum_smallcap@v1:000651综合排名掉出前10,卖出",
2025-06-30,2025-07-01,s53_all_a_momentum_smallcap@v1,sh600000,buy,900,13.9,5.0,0.0,filled,s53_all_a_momentum_smallcap@v1:买入600000(股息率2.3%)[行业金融行业≤25%缩放],
2025-06-30,2025-07-01,s53_all_a_momentum_smallcap@v1,sh601336,buy,200,58.5,5.0,0.0,filled,s53_all_a_momentum_smallcap@v1:买入601336(股息率2.4%)[行业金融行业≤25%缩放],
2025-06-30,2025-07-01,s53_all_a_momentum_smallcap@v1,sh601211,buy,800,19.24,5.0,0.0,filled,s53_all_a_momentum_smallcap@v1:买入601211(股息率0.8%),
2025-06-30,2025-07-01,s53_all_a_momentum_smallcap@v1,sh603799,buy,400,37.12,5.0,0.0,filled,s53_all_a_momentum_smallcap@v1:买入603799(股息率0.0%),
2025-07-31,2025-08-01,s53_all_a_momentum_smallcap@v1,sh600000,sell,900,12.8,5.0,5.76,filled,"s53_all_a_momentum_smallcap@v1:600000综合排名掉出前10,卖出",
2025-07-31,2025-08-01,s53_all_a_momentum_smallcap@v1,sh601009,sell,1100,11.45,5.0,6.3,filled,"s53_all_a_momentum_smallcap@v1:601009综合排名掉出前10,卖出",
2025-07-31,2025-08-01,s53_all_a_momentum_smallcap@v1,sh601688,buy,0,0.0,0.0,0.0,cancelled,"s53_all_a_momentum_smallcap@v1:买入601688(股息率2.9%)[行业金融行业≤25%缩放][<最低单笔5000元,跳过]",
2025-07-31,2025-08-01,s53_all_a_momentum_smallcap@v1,sh601288,buy,0,0.0,0.0,0.0,cancelled,"s53_all_a_momentum_smallcap@v1:买入601288(股息率3.8%)[行业金融行业≤25%缩放][<最低单笔5000元,跳过]",
2025-08-29,2025-09-01,s53_all_a_momentum_smallcap@v1,sh600919,sell,700,10.8,5.0,3.78,filled,"s53_all_a_momentum_smallcap@v1:600919综合排名掉出前10,卖出",
2025-08-29,2025-09-01,s53_all_a_momentum_smallcap@v1,sh600926,sell,800,15.84,5.0,6.34,filled,"s53_all_a_momentum_smallcap@v1:600926综合排名掉出前10,卖出",
2025-08-29,2025-09-01,s53_all_a_momentum_smallcap@v1,sh601077,sell,2400,6.28,5.0,7.54,filled,"s53_all_a_momentum_smallcap@v1:601077综合排名掉出前10,卖出",
2025-08-29,2025-09-01,s53_all_a_momentum_smallcap@v1,sh601688,buy,700,21.98,5.0,0.0,filled,s53_all_a_momentum_smallcap@v1:买入601688(股息率2.4%),
2025-08-29,2025-09-01,s53_all_a_momentum_smallcap@v1,sh601881,buy,900,18.53,5.0,0.0,filled,s53_all_a_momentum_smallcap@v1:买入601881(股息率1.5%),
2025-08-29,2025-09-01,s53_all_a_momentum_smallcap@v1,sh601877,buy,600,27.54,5.0,0.0,filled,s53_all_a_momentum_smallcap@v1:买入601877(股息率2.2%),
2025-08-29,2025-09-01,s53_all_a_momentum_smallcap@v1,sh600160,buy,400,39.65,5.0,0.0,filled,s53_all_a_momentum_smallcap@v1:买入600160(股息率0.6%),
2025-08-29,2025-09-01,s53_all_a_momentum_smallcap@v1,sh603993,buy,1300,12.62,5.0,0.0,filled,s53_all_a_momentum_smallcap@v1:买入603993(股息率0.0%),
2025-09-04,2025-09-05,s53_all_a_momentum_smallcap@v1,sh603259,sell,200,101.78,5.09,10.18,filled,"s53_all_a_momentum_smallcap@v1:603259当日跌停(触及跌停价, 流动性/弱势风险, 结构性排雷),清仓",
2025-09-04,2025-09-05,s53_all_a_momentum_smallcap@v1,sh603993,sell,1300,12.28,5.0,7.98,filled,"s53_all_a_momentum_smallcap@v1:603993当日跌停(触及跌停价, 流动性/弱势风险, 结构性排雷),清仓",
2025-09-30,2025-10-09,s53_all_a_momentum_smallcap@v1,sh601211,sell,800,18.8,5.0,7.52,filled,"s53_all_a_momentum_smallcap@v1:601211综合排名掉出前10,卖出",
2025-09-30,2025-10-09,s53_all_a_momentum_smallcap@v1,sh601688,sell,700,21.58,5.0,7.55,filled,"s53_all_a_momentum_smallcap@v1:601688综合排名掉出前10,卖出",
2025-09-30,2025-10-09,s53_all_a_momentum_smallcap@v1,sh603993,buy,1100,16.43,5.0,0.0,filled,s53_all_a_momentum_smallcap@v1:买入603993(股息率0.0%),
2025-09-30,2025-10-09,s53_all_a_momentum_smallcap@v1,sh601899,buy,500,31.33,5.0,0.0,filled,s53_all_a_momentum_smallcap@v1:买入601899(股息率1.7%),
2025-09-30,2025-10-09,s53_all_a_momentum_smallcap@v1,sh600362,buy,0,0.0,0.0,0.0,cancelled,"s53_all_a_momentum_smallcap@v1:买入600362(股息率2.0%)[一字涨停,无法买入]",
2025-09-30,2025-10-09,s53_all_a_momentum_smallcap@v1,sh603259,buy,100,112.2,5.0,0.0,filled,s53_all_a_momentum_smallcap@v1:买入603259(股息率1.2%),
2025-10-31,2025-11-03,s53_all_a_momentum_smallcap@v1,sh600160,sell,400,35.27,5.0,7.05,filled,"s53_all_a_momentum_smallcap@v1:600160综合排名掉出前10,卖出",
2025-10-31,2025-11-03,s53_all_a_momentum_smallcap@v1,sh601877,sell,600,28.62,5.0,8.59,filled,"s53_all_a_momentum_smallcap@v1:601877综合排名掉出前10,卖出",
2025-10-31,2025-11-03,s53_all_a_momentum_smallcap@v1,sh603259,sell,100,99.28,5.0,4.96,filled,"s53_all_a_momentum_smallcap@v1:603259综合排名掉出前10,卖出",
2025-10-31,2025-11-03,s53_all_a_momentum_smallcap@v1,sh603799,sell,400,64.75,6.48,12.95,filled,"s53_all_a_momentum_smallcap@v1:603799综合排名掉出前10,卖出",
2025-10-31,2025-11-03,s53_all_a_momentum_smallcap@v1,sh600362,buy,400,40.46,5.0,0.0,filled,s53_all_a_momentum_smallcap@v1:买入600362(股息率1.7%),
2025-10-31,2025-11-03,s53_all_a_momentum_smallcap@v1,sh600989,buy,900,18.53,5.0,0.0,filled,s53_all_a_momentum_smallcap@v1:买入600989(股息率3.7%),
2025-10-31,2025-11-03,s53_all_a_momentum_smallcap@v1,sz000333,buy,200,76.5,5.0,0.0,filled,s53_all_a_momentum_smallcap@v1:买入000333(股息率4.6%),
2025-10-31,2025-11-03,s53_all_a_momentum_smallcap@v1,sz002142,buy,600,28.27,5.0,0.0,filled,s53_all_a_momentum_smallcap@v1:买入002142(股息率3.2%),
2025-10-31,2025-11-03,s53_all_a_momentum_smallcap@v1,sh601377,buy,2500,6.87,5.0,0.0,filled,s53_all_a_momentum_smallcap@v1:买入601377(股息率1.9%),
2025-11-28,2025-12-01,s53_all_a_momentum_smallcap@v1,sz002142,sell,600,28.34,5.0,8.5,filled,"s53_all_a_momentum_smallcap@v1:002142综合排名掉出前10,卖出",
2025-11-28,2025-12-01,s53_all_a_momentum_smallcap@v1,sh601881,sell,900,15.87,5.0,7.14,filled,"s53_all_a_momentum_smallcap@v1:601881综合排名掉出前10,卖出",
2025-11-28,2025-12-01,s53_all_a_momentum_smallcap@v1,sh601377,sell,2500,6.7,5.0,8.38,filled,"s53_all_a_momentum_smallcap@v1:601377综合排名掉出前10,卖出",
2025-11-28,2025-12-01,s53_all_a_momentum_smallcap@v1,sh601288,buy,800,8.02,5.0,0.0,filled,s53_all_a_momentum_smallcap@v1:买入601288(股息率3.0%)[行业金融行业≤25%缩放],
2025-11-28,2025-12-01,s53_all_a_momentum_smallcap@v1,sh601009,buy,500,11.59,5.0,0.0,filled,s53_all_a_momentum_smallcap@v1:买入601009(股息率4.4%)[行业金融行业≤25%缩放],
2025-11-28,2025-12-01,s53_all_a_momentum_smallcap@v1,sh600926,buy,1100,15.62,5.0,0.0,filled,s53_all_a_momentum_smallcap@v1:买入600926(股息率4.2%),
2025-12-31,2026-01-05,s53_all_a_momentum_smallcap@v1,sh603993,sell,1100,20.17,5.55,11.09,filled,"s53_all_a_momentum_smallcap@v1:603993综合排名掉出前10,卖出",
2025-12-31,2026-01-05,s53_all_a_momentum_smallcap@v1,sh600926,sell,1100,15.26,5.0,8.39,filled,"s53_all_a_momentum_smallcap@v1:600926综合排名掉出前10,卖出",
2025-12-31,2026-01-05,s53_all_a_momentum_smallcap@v1,sz000776,sell,900,22.05,5.0,9.92,filled,"s53_all_a_momentum_smallcap@v1:000776综合排名掉出前10,卖出",
2025-12-31,2026-01-05,s53_all_a_momentum_smallcap@v1,sh601336,sell,200,70.39,5.0,7.04,filled,"s53_all_a_momentum_smallcap@v1:601336综合排名掉出前10,卖出",
2025-12-31,2026-01-05,s53_all_a_momentum_smallcap@v1,sz000333,sell,200,79.92,5.0,7.99,filled,"s53_all_a_momentum_smallcap@v1:000333综合排名掉出前10,卖出",
2025-12-31,2026-01-05,s53_all_a_momentum_smallcap@v1,sh600362,sell,400,54.94,5.49,10.99,filled,"s53_all_a_momentum_smallcap@v1:600362综合排名掉出前10,卖出",
2025-12-31,2026-01-05,s53_all_a_momentum_smallcap@v1,sh601009,sell,500,11.43,5.0,2.86,filled,"s53_all_a_momentum_smallcap@v1:601009综合排名掉出前10,卖出",
2025-12-31,2026-01-05,s53_all_a_momentum_smallcap@v1,sh601398,buy,1300,7.92,5.0,0.0,filled,s53_all_a_momentum_smallcap@v1:买入601398(股息率5.7%)[行业金融行业≤25%缩放],
2025-12-31,2026-01-05,s53_all_a_momentum_smallcap@v1,sh601872,buy,2000,8.99,5.0,0.0,filled,s53_all_a_momentum_smallcap@v1:买入601872(股息率2.5%),
2025-12-31,2026-01-05,s53_all_a_momentum_smallcap@v1,sz000807,buy,500,34.13,5.0,0.0,filled,s53_all_a_momentum_smallcap@v1:买入000807(股息率0.0%),
2025-12-31,2026-01-05,s53_all_a_momentum_smallcap@v1,sz002142,buy,600,28.22,5.0,0.0,filled,s53_all_a_momentum_smallcap@v1:买入002142(股息率4.3%),
2025-12-31,2026-01-05,s53_all_a_momentum_smallcap@v1,sh601328,buy,1400,7.27,5.0,0.0,filled,s53_all_a_momentum_smallcap@v1:买入601328(股息率7.4%)[行业金融行业≤25%缩放],
2025-12-31,2026-01-05,s53_all_a_momentum_smallcap@v1,sh600115,buy,3000,6.0,5.0,0.0,filled,s53_all_a_momentum_smallcap@v1:买入600115(股息率0.0%),
2025-12-31,2026-01-05,s53_all_a_momentum_smallcap@v1,sh600066,buy,500,32.94,5.0,0.0,filled,s53_all_a_momentum_smallcap@v1:买入600066(股息率4.6%),
2026-01-30,2026-02-02,s53_all_a_momentum_smallcap@v1,sh601398,sell,1300,7.25,5.0,4.71,filled,"s53_all_a_momentum_smallcap@v1:601398综合排名掉出前10,卖出",
2026-01-30,2026-02-02,s53_all_a_momentum_smallcap@v1,sh601288,sell,800,6.72,5.0,2.69,filled,"s53_all_a_momentum_smallcap@v1:601288综合排名掉出前10,卖出",
2026-01-30,2026-02-02,s53_all_a_momentum_smallcap@v1,sh600066,sell,500,30.68,5.0,7.67,filled,"s53_all_a_momentum_smallcap@v1:600066综合排名掉出前10,卖出",
2026-01-30,2026-02-02,s53_all_a_momentum_smallcap@v1,sz000807,sell,500,31.89,5.0,7.97,filled,"s53_all_a_momentum_smallcap@v1:000807不再满足选股门槛,卖出",
2026-01-30,2026-02-02,s53_all_a_momentum_smallcap@v1,sh600115,sell,3000,5.44,5.0,8.16,filled,"s53_all_a_momentum_smallcap@v1:600115综合排名掉出前10,卖出",
2026-01-30,2026-02-02,s53_all_a_momentum_smallcap@v1,sh601328,sell,1400,6.66,5.0,4.66,filled,"s53_all_a_momentum_smallcap@v1:601328综合排名掉出前10,卖出",
2026-01-30,2026-02-02,s53_all_a_momentum_smallcap@v1,sh601899,sell,500,36.74,5.0,9.19,filled,"s53_all_a_momentum_smallcap@v1:601899不再满足选股门槛,卖出",
2026-01-30,2026-02-02,s53_all_a_momentum_smallcap@v1,sh601117,buy,2100,8.85,5.0,0.0,filled,s53_all_a_momentum_smallcap@v1:买入601117(股息率3.2%),
2026-01-30,2026-02-02,s53_all_a_momentum_smallcap@v1,sh601336,buy,200,82.92,5.0,0.0,filled,s53_all_a_momentum_smallcap@v1:买入601336(股息率3.2%),
2026-01-30,2026-02-02,s53_all_a_momentum_smallcap@v1,sh600926,buy,1100,16.21,5.0,0.0,filled,s53_all_a_momentum_smallcap@v1:买入600926(股息率4.1%),
2026-01-30,2026-02-02,s53_all_a_momentum_smallcap@v1,sz000157,buy,2000,8.77,5.0,0.0,filled,s53_all_a_momentum_smallcap@v1:买入000157(股息率0.0%),
2026-01-30,2026-02-02,s53_all_a_momentum_smallcap@v1,sz000776,buy,800,22.38,5.0,0.0,filled,s53_all_a_momentum_smallcap@v1:买入000776(股息率0.0%),
2026-01-30,2026-02-02,s53_all_a_momentum_smallcap@v1,sh600160,buy,400,39.16,5.0,0.0,filled,s53_all_a_momentum_smallcap@v1:买入600160(股息率1.0%),
2026-01-30,2026-02-02,s53_all_a_momentum_smallcap@v1,sh601077,buy,2800,6.42,5.0,0.0,filled,s53_all_a_momentum_smallcap@v1:买入601077(股息率4.8%),
2026-02-27,2026-03-02,s53_all_a_momentum_smallcap@v1,sz000776,sell,800,20.61,5.0,8.24,filled,"s53_all_a_momentum_smallcap@v1:000776综合排名掉出前10,卖出",
2026-02-27,2026-03-02,s53_all_a_momentum_smallcap@v1,sh601336,sell,200,74.89,5.0,7.49,filled,"s53_all_a_momentum_smallcap@v1:601336综合排名掉出前10,卖出",
2026-02-27,2026-03-02,s53_all_a_momentum_smallcap@v1,sh601077,sell,2800,6.47,5.0,9.06,filled,"s53_all_a_momentum_smallcap@v1:601077综合排名掉出前10,卖出",
2026-02-27,2026-03-02,s53_all_a_momentum_smallcap@v1,sh600233,buy,1000,19.49,5.0,0.0,filled,s53_all_a_momentum_smallcap@v1:买入600233(股息率1.8%),
2026-02-27,2026-03-02,s53_all_a_momentum_smallcap@v1,sh601899,buy,500,40.46,5.06,0.0,filled,s53_all_a_momentum_smallcap@v1:买入601899(股息率1.3%),
2026-02-27,2026-03-02,s53_all_a_momentum_smallcap@v1,sz000708,buy,1000,17.88,5.0,0.0,filled,s53_all_a_momentum_smallcap@v1:买入000708(股息率0.0%),
2026-03-04,2026-03-05,s53_all_a_momentum_smallcap@v1,sh600989,sell,900,25.89,5.83,11.65,filled,"s53_all_a_momentum_smallcap@v1:600989当日跌停(触及跌停价, 流动性/弱势风险, 结构性排雷),清仓",
2026-03-04,2026-03-05,s53_all_a_momentum_smallcap@v1,sh601872,sell,2000,17.31,8.66,17.31,filled,"s53_all_a_momentum_smallcap@v1:601872当日跌停(触及跌停价, 流动性/弱势风险, 结构性排雷),清仓",
2026-03-31,2026-04-01,s53_all_a_momentum_smallcap@v1,sh600160,sell,400,34.77,5.0,6.95,filled,"s53_all_a_momentum_smallcap@v1:600160综合排名掉出前10,卖出",
2026-03-31,2026-04-01,s53_all_a_momentum_smallcap@v1,sz000708,sell,1000,16.42,5.0,8.21,filled,"s53_all_a_momentum_smallcap@v1:000708综合排名掉出前10,卖出",
2026-03-31,2026-04-01,s53_all_a_momentum_smallcap@v1,sz000157,sell,2000,8.82,5.0,8.82,filled,"s53_all_a_momentum_smallcap@v1:000157综合排名掉出前10,卖出",
2026-03-31,2026-04-01,s53_all_a_momentum_smallcap@v1,sh601899,sell,500,33.81,5.0,8.45,filled,"s53_all_a_momentum_smallcap@v1:601899综合排名掉出前10,卖出",
2026-03-31,2026-04-01,s53_all_a_momentum_smallcap@v1,sh601117,sell,2100,8.95,5.0,9.4,filled,"s53_all_a_momentum_smallcap@v1:601117综合排名掉出前10,卖出",
2026-03-31,2026-04-01,s53_all_a_momentum_smallcap@v1,sh601939,buy,1700,9.59,5.0,0.0,filled,s53_all_a_momentum_smallcap@v1:买入601939(股息率4.1%)[行业金融行业≤25%缩放],
2026-03-31,2026-04-01,s53_all_a_momentum_smallcap@v1,sh601077,buy,2200,7.05,5.0,0.0,filled,s53_all_a_momentum_smallcap@v1:买入601077(股息率4.4%)[行业银行Ⅱ≤25%缩放],
2026-03-31,2026-04-01,s53_all_a_momentum_smallcap@v1,sh601398,buy,2100,7.61,5.0,0.0,filled,s53_all_a_momentum_smallcap@v1:买入601398(股息率4.0%)[行业金融行业≤25%缩放],
2026-03-31,2026-04-01,s53_all_a_momentum_smallcap@v1,sh601998,buy,2000,8.27,5.0,0.0,filled,s53_all_a_momentum_smallcap@v1:买入601998(股息率4.3%)[行业金融行业≤25%缩放],
2026-03-31,2026-04-01,s53_all_a_momentum_smallcap@v1,sh600919,buy,1400,10.95,5.0,0.0,filled,s53_all_a_momentum_smallcap@v1:买入600919(股息率5.0%)[行业银行Ⅱ≤25%缩放],
2026-03-31,2026-04-01,s53_all_a_momentum_smallcap@v1,sz000792,buy,400,37.21,5.0,0.0,filled,s53_all_a_momentum_smallcap@v1:买入000792(股息率0.0%)[行业C 制造业≤25%缩放],
2026-03-31,2026-04-01,s53_all_a_momentum_smallcap@v1,sh600426,buy,500,36.35,5.0,0.0,filled,s53_all_a_momentum_smallcap@v1:买入600426(股息率1.5%),
2026-04-30,2026-05-06,s53_all_a_momentum_smallcap@v1,sh601998,sell,2000,8.4,5.0,8.4,filled,"s53_all_a_momentum_smallcap@v1:601998综合排名掉出前10,卖出",
2026-04-30,2026-05-06,s53_all_a_momentum_smallcap@v1,sh601009,buy,0,0.0,0.0,0.0,cancelled,"s53_all_a_momentum_smallcap@v1:买入601009(股息率4.3%)[行业金融行业≤25%缩放][<最低单笔5000元,跳过]",
2026-05-29,2026-06-01,s53_all_a_momentum_smallcap@v1,sh600426,sell,500,29.38,5.0,7.35,filled,"s53_all_a_momentum_smallcap@v1:600426综合排名掉出前10,卖出",
2026-05-29,2026-06-01,s53_all_a_momentum_smallcap@v1,sz000792,sell,400,30.45,5.0,6.09,filled,"s53_all_a_momentum_smallcap@v1:000792综合排名掉出前10,卖出",
2026-05-29,2026-06-01,s53_all_a_momentum_smallcap@v1,sh601988,buy,2600,5.86,5.0,0.0,filled,s53_all_a_momentum_smallcap@v1:买入601988(股息率1.9%)[行业金融行业≤25%缩放],
2026-05-29,2026-06-01,s53_all_a_momentum_smallcap@v1,sh600150,buy,500,37.44,5.0,0.0,filled,s53_all_a_momentum_smallcap@v1:买入600150(股息率0.7%),
2026-05-29,2026-06-01,s53_all_a_momentum_smallcap@v1,sz000776,buy,900,18.93,5.0,0.0,filled,s53_all_a_momentum_smallcap@v1:买入000776(股息率0.0%),
2026-06-30,2026-07-01,s53_all_a_momentum_smallcap@v1,sh601988,sell,2600,5.66,5.0,7.36,filled,"s53_all_a_momentum_smallcap@v1:601988综合排名掉出前10,卖出",
2026-06-30,2026-07-01,s53_all_a_momentum_smallcap@v1,sh601077,sell,2200,6.1,5.0,6.71,filled,"s53_all_a_momentum_smallcap@v1:601077综合排名掉出前10,卖出",
2026-06-30,2026-07-01,s53_all_a_momentum_smallcap@v1,sh600150,sell,500,33.74,5.0,8.44,filled,"s53_all_a_momentum_smallcap@v1:600150综合排名掉出前10,卖出",
2026-06-30,2026-07-01,s53_all_a_momentum_smallcap@v1,sh600233,sell,1000,17.3,5.0,8.65,filled,"s53_all_a_momentum_smallcap@v1:600233综合排名掉出前10,卖出",
2026-06-30,2026-07-01,s53_all_a_momentum_smallcap@v1,sh600999,buy,0,0.0,0.0,0.0,cancelled,"s53_all_a_momentum_smallcap@v1:买入600999(股息率2.4%)[行业金融行业≤25%缩放][<最低单笔5000元,跳过]",
2026-06-30,2026-07-01,s53_all_a_momentum_smallcap@v1,sz002415,buy,500,34.87,5.0,0.0,filled,s53_all_a_momentum_smallcap@v1:买入002415(股息率3.4%),
2026-06-30,2026-07-01,s53_all_a_momentum_smallcap@v1,sh601066,buy,600,29.04,5.0,0.0,filled,s53_all_a_momentum_smallcap@v1:买入601066(股息率1.1%),
2026-06-30,2026-07-01,s53_all_a_momentum_smallcap@v1,sh601995,buy,500,36.23,5.0,0.0,filled,s53_all_a_momentum_smallcap@v1:买入601995(股息率0.5%),
